Name	Sequence	intensity	type	rep	ori
ets1_GM23338_seq137	CCCCCGCCGGGAGTGACCCTCGTACTTCCTGCCCGC	1740.7046632124302	m1	r1	o1
ets1_GM23338_seq137	GAACCGGCGCTCCCTTTCGCCGCTTCCGCCGCCATC	1423.42857142857	m1	r1	o1
ets1_GM23338_seq137	ATTTACTTTCGCCAGAAGTCGAAGCCAATCCGCTTT	137.172638436482	m1	r1	o1
ets1_GM23338_seq137	CCCTAGTAGTTCCACTCCGAGGGCGGAAGTGCGCGT	778.069333333333	m1	r1	o1
ets1_GM23338_seq137	CCCTAGTAGTTCCACTCCGAGGGCGGAAGTGCGCGT	803.7364341085271	m1	r2	o1
ets1_GM23338_seq137	GAACCGGCGCTCCCTTTCGCCGCTTCCGCCGCCATC	1568.71216617211	m1	r2	o1
ets1_GM23338_seq137	CCCCCGCCGGGAGTGACCCTCGTACTTCCTGCCCGC	2235.61445783133	m1	r2	o1
ets1_GM23338_seq137	ATTTACTTTCGCCAGAAGTCGAAGCCAATCCGCTTT	97.9058171745152	m1	r2	o1
ets1_GM23338_seq137	CCCCCGCCGGGAGTGACCCTCGTACTTCCTGCCCGC	3202.61971830986	m1	r3	o1
ets1_GM23338_seq137	GAACCGGCGCTCCCTTTCGCCGCTTCCGCCGCCATC	1022.9411764705901	m1	r3	o1
ets1_GM23338_seq137	CCCTAGTAGTTCCACTCCGAGGGCGGAAGTGCGCGT	1237.76397515528	m1	r3	o1
ets1_GM23338_seq137	ATTTACTTTCGCCAGAAGTCGAAGCCAATCCGCTTT	85.5786924939467	m1	r3	o1
ets1_GM23338_seq137	GAACCGGCGCTTCCTTTCGCCGCTTCTGCCGCCATC	5554.21359223301	m2	r1	o1
ets1_GM23338_seq137	ATTTACTTCCGCCAGAAGTCGAAGCCAATCCACTTT	28800.583783783797	m2	r1	o1
ets1_GM23338_seq137	CCCTAGTAGTTCCGCTCCGAGGGCGGCAGTGCGCGT	1411.64912280702	m2	r1	o1
ets1_GM23338_seq137	CCCCCGCCGGAAGTGACCCTCGTACTTGCTGCCCGC	24514.5698324022	m2	r1	o1
ets1_GM23338_seq137	CCCCCGCCGGAAGTGACCCTCGTACTTGCTGCCCGC	28362.492462311602	m2	r2	o1
ets1_GM23338_seq137	ATTTACTTCCGCCAGAAGTCGAAGCCAATCCACTTT	25713.0285714286	m2	r2	o1
ets1_GM23338_seq137	GAACCGGCGCTTCCTTTCGCCGCTTCTGCCGCCATC	5729.8407079645995	m2	r2	o1
ets1_GM23338_seq137	CCCTAGTAGTTCCGCTCCGAGGGCGGCAGTGCGCGT	2488.0253164557002	m2	r2	o1
ets1_GM23338_seq137	ATTTACTTCCGCCAGAAGTCGAAGCCAATCCACTTT	28066.1694915254	m2	r3	o1
ets1_GM23338_seq137	CCCCCGCCGGAAGTGACCCTCGTACTTGCTGCCCGC	34423.6417910448	m2	r3	o1
ets1_GM23338_seq137	GAACCGGCGCTTCCTTTCGCCGCTTCTGCCGCCATC	3956.3821656051	m2	r3	o1
ets1_GM23338_seq137	CCCTAGTAGTTCCGCTCCGAGGGCGGCAGTGCGCGT	2770.58974358974	m2	r3	o1
ets1_GM23338_seq137	ATTTACTTTCGCCAGAAGTCGAAGCCAATCCACTTT	118.788511749347	m3	r1	o1
ets1_GM23338_seq137	CCCCCGCCGGGAGTGACCCTCGTACTTGCTGCCCGC	133.878787878788	m3	r1	o1
ets1_GM23338_seq137	CCCTAGTAGTTCCACTCCGAGGGCGGCAGTGCGCGT	147.631901840491	m3	r1	o1
ets1_GM23338_seq137	GAACCGGCGCTCCCTTTCGCCGCTTCTGCCGCCATC	147.025641025641	m3	r1	o1
ets1_GM23338_seq137	ATTTACTTTCGCCAGAAGTCGAAGCCAATCCACTTT	184.361290322581	m3	r2	o1
ets1_GM23338_seq137	CCCTAGTAGTTCCACTCCGAGGGCGGCAGTGCGCGT	126.07715133531201	m3	r2	o1
ets1_GM23338_seq137	CCCCCGCCGGGAGTGACCCTCGTACTTGCTGCCCGC	132.0	m3	r2	o1
ets1_GM23338_seq137	GAACCGGCGCTCCCTTTCGCCGCTTCTGCCGCCATC	104.992840095465	m3	r2	o1
ets1_GM23338_seq137	CCCCCGCCGGGAGTGACCCTCGTACTTGCTGCCCGC	86.69430051813471	m3	r3	o1
ets1_GM23338_seq137	CCCTAGTAGTTCCACTCCGAGGGCGGCAGTGCGCGT	144.0	m3	r3	o1
ets1_GM23338_seq137	ATTTACTTTCGCCAGAAGTCGAAGCCAATCCACTTT	130.966292134831	m3	r3	o1
ets1_GM23338_seq137	GAACCGGCGCTCCCTTTCGCCGCTTCTGCCGCCATC	134.0	m3	r3	o1
ets1_GM23338_seq137	GAACCGGCGCTTCCTTTCGCCGCTTCCGCCGCCATC	8295.62841530055	wt	r1	o1
ets1_GM23338_seq137	CCCCCGCCGGAAGTGACCCTCGTACTTCCTGCCCGC	36987.2592592593	wt	r1	o1
ets1_GM23338_seq137	ATTTACTTCCGCCAGAAGTCGAAGCCAATCCGCTTT	33504.7830687831	wt	r1	o1
ets1_GM23338_seq137	CCCTAGTAGTTCCGCTCCGAGGGCGGAAGTGCGCGT	9310.00655737705	wt	r1	o1
ets1_GM23338_seq137	ATTTACTTCCGCCAGAAGTCGAAGCCAATCCGCTTT	31759.8709677419	wt	r2	o1
ets1_GM23338_seq137	GAACCGGCGCTTCCTTTCGCCGCTTCCGCCGCCATC	10164.9283667622	wt	r2	o1
ets1_GM23338_seq137	CCCTAGTAGTTCCGCTCCGAGGGCGGAAGTGCGCGT	7821.789473684209	wt	r2	o1
ets1_GM23338_seq137	CCCCCGCCGGAAGTGACCCTCGTACTTCCTGCCCGC	22677.305785123997	wt	r2	o1
ets1_GM23338_seq137	CCCTAGTAGTTCCGCTCCGAGGGCGGAAGTGCGCGT	5613.07875894988	wt	r3	o1
ets1_GM23338_seq137	ATTTACTTCCGCCAGAAGTCGAAGCCAATCCGCTTT	18739.84	wt	r3	o1
ets1_GM23338_seq137	CCCCCGCCGGAAGTGACCCTCGTACTTCCTGCCCGC	15085.3159609121	wt	r3	o1
ets1_GM23338_seq137	GAACCGGCGCTTCCTTTCGCCGCTTCCGCCGCCATC	8631.21428571429	wt	r3	o1
ets1_GM23338_seq137	GCGGGCAGGAAGTACGAGGGTCACTCCCGGCGGGGG	5978.942307692309	m1	r1	o2
ets1_GM23338_seq137	AAAGCGGATTGGCTTCGACTTCTGGCGAAAGTAAAT	102.966153846154	m1	r1	o2
ets1_GM23338_seq137	ACGCGCACTTCCGCCCTCGGAGTGGAACTACTAGGG	42514.6376021798	m1	r1	o2
ets1_GM23338_seq137	GATGGCGGCGGAAGCGGCGAAAGGGAGCGCCGGTTC	3434.71627906977	m1	r1	o2
ets1_GM23338_seq137	GATGGCGGCGGAAGCGGCGAAAGGGAGCGCCGGTTC	3318.75294117647	m1	r2	o2
ets1_GM23338_seq137	AAAGCGGATTGGCTTCGACTTCTGGCGAAAGTAAAT	79.2058111380145	m1	r2	o2
ets1_GM23338_seq137	GCGGGCAGGAAGTACGAGGGTCACTCCCGGCGGGGG	8520.67724867725	m1	r2	o2
ets1_GM23338_seq137	ACGCGCACTTCCGCCCTCGGAGTGGAACTACTAGGG	20151.754601227	m1	r2	o2
ets1_GM23338_seq137	AAAGCGGATTGGCTTCGACTTCTGGCGAAAGTAAAT	114.948571428571	m1	r3	o2
ets1_GM23338_seq137	GCGGGCAGGAAGTACGAGGGTCACTCCCGGCGGGGG	9295.0	m1	r3	o2
ets1_GM23338_seq137	ACGCGCACTTCCGCCCTCGGAGTGGAACTACTAGGG	34525.2903225806	m1	r3	o2
ets1_GM23338_seq137	GATGGCGGCGGAAGCGGCGAAAGGGAGCGCCGGTTC	3878.73684210526	m1	r3	o2
ets1_GM23338_seq137	GCGGGCAGCAAGTACGAGGGTCACTTCCGGCGGGGG	11165.0514285714	m2	r1	o2
ets1_GM23338_seq137	GATGGCGGCAGAAGCGGCGAAAGGAAGCGCCGGTTC	134.733333333333	m2	r1	o2
ets1_GM23338_seq137	AAAGTGGATTGGCTTCGACTTCTGGCGGAAGTAAAT	178.30927835051497	m2	r1	o2
ets1_GM23338_seq137	ACGCGCACTGCCGCCCTCGGAGCGGAACTACTAGGG	165.711340206186	m2	r1	o2
ets1_GM23338_seq137	GATGGCGGCAGAAGCGGCGAAAGGAAGCGCCGGTTC	129.689839572193	m2	r2	o2
ets1_GM23338_seq137	ACGCGCACTGCCGCCCTCGGAGCGGAACTACTAGGG	115.614973262032	m2	r2	o2
ets1_GM23338_seq137	AAAGTGGATTGGCTTCGACTTCTGGCGGAAGTAAAT	243.804034582133	m2	r2	o2
ets1_GM23338_seq137	GCGGGCAGCAAGTACGAGGGTCACTTCCGGCGGGGG	13790.487804878101	m2	r2	o2
ets1_GM23338_seq137	GATGGCGGCAGAAGCGGCGAAAGGAAGCGCCGGTTC	189.714285714286	m2	r3	o2
ets1_GM23338_seq137	AAAGTGGATTGGCTTCGACTTCTGGCGGAAGTAAAT	259.135135135135	m2	r3	o2
ets1_GM23338_seq137	ACGCGCACTGCCGCCCTCGGAGCGGAACTACTAGGG	103.306930693069	m2	r3	o2
ets1_GM23338_seq137	GCGGGCAGCAAGTACGAGGGTCACTTCCGGCGGGGG	12471.895424836599	m2	r3	o2
ets1_GM23338_seq137	ACGCGCACTGCCGCCCTCGGAGTGGAACTACTAGGG	127.062068965517	m3	r1	o2
ets1_GM23338_seq137	GCGGGCAGCAAGTACGAGGGTCACTCCCGGCGGGGG	170.359249329759	m3	r1	o2
ets1_GM23338_seq137	AAAGTGGATTGGCTTCGACTTCTGGCGAAAGTAAAT	91.4594594594595	m3	r1	o2
ets1_GM23338_seq137	GATGGCGGCAGAAGCGGCGAAAGGGAGCGCCGGTTC	79.84197530864199	m3	r1	o2
ets1_GM23338_seq137	GCGGGCAGCAAGTACGAGGGTCACTCCCGGCGGGGG	286.947368421053	m3	r2	o2
ets1_GM23338_seq137	AAAGTGGATTGGCTTCGACTTCTGGCGAAAGTAAAT	90.7954545454545	m3	r2	o2
ets1_GM23338_seq137	GATGGCGGCAGAAGCGGCGAAAGGGAGCGCCGGTTC	105.67320261437901	m3	r2	o2
ets1_GM23338_seq137	ACGCGCACTGCCGCCCTCGGAGTGGAACTACTAGGG	132.047619047619	m3	r2	o2
ets1_GM23338_seq137	GATGGCGGCAGAAGCGGCGAAAGGGAGCGCCGGTTC	103.345029239766	m3	r3	o2
ets1_GM23338_seq137	GCGGGCAGCAAGTACGAGGGTCACTCCCGGCGGGGG	187.223140495868	m3	r3	o2
ets1_GM23338_seq137	ACGCGCACTGCCGCCCTCGGAGTGGAACTACTAGGG	103.267605633803	m3	r3	o2
ets1_GM23338_seq137	AAAGTGGATTGGCTTCGACTTCTGGCGAAAGTAAAT	79.84555984555979	m3	r3	o2
ets1_GM23338_seq137	ACGCGCACTTCCGCCCTCGGAGCGGAACTACTAGGG	49671.977011494295	wt	r1	o2
ets1_GM23338_seq137	GCGGGCAGGAAGTACGAGGGTCACTTCCGGCGGGGG	28344.525	wt	r1	o2
ets1_GM23338_seq137	AAAGCGGATTGGCTTCGACTTCTGGCGGAAGTAAAT	277.1455399061029	wt	r1	o2
ets1_GM23338_seq137	GATGGCGGCGGAAGCGGCGAAAGGAAGCGCCGGTTC	4345.8835978836	wt	r1	o2
ets1_GM23338_seq137	AAAGCGGATTGGCTTCGACTTCTGGCGGAAGTAAAT	288.98285714285703	wt	r2	o2
ets1_GM23338_seq137	ACGCGCACTTCCGCCCTCGGAGCGGAACTACTAGGG	23617.2761904762	wt	r2	o2
ets1_GM23338_seq137	GATGGCGGCGGAAGCGGCGAAAGGAAGCGCCGGTTC	6031.57396449704	wt	r2	o2
ets1_GM23338_seq137	GCGGGCAGGAAGTACGAGGGTCACTTCCGGCGGGGG	27876.2222222222	wt	r2	o2
ets1_GM23338_seq137	ACGCGCACTTCCGCCCTCGGAGCGGAACTACTAGGG	33549.2962962963	wt	r3	o2
ets1_GM23338_seq137	AAAGCGGATTGGCTTCGACTTCTGGCGGAAGTAAAT	455.84946236559097	wt	r3	o2
ets1_GM23338_seq137	GATGGCGGCGGAAGCGGCGAAAGGAAGCGCCGGTTC	4910.88695652174	wt	r3	o2
ets1_GM23338_seq137	GCGGGCAGGAAGTACGAGGGTCACTTCCGGCGGGGG	16828.2274881517	wt	r3	o2
